method,mean,median,min,max,run 1,run 2,run 3
A,341.9073387973337,335.5966120720004,326.8826317660005,363.2427725540001,363.2427725540001,335.5966120720004,326.8826317660005
B,383.06151326633335,373.80815959699976,363.27850109999963,412.09787910200066,363.27850109999963,373.80815959699976,412.09787910200066
C,0.9846717723333611,0.9203557939999881,0.8645429949992831,1.1691165280008131,0.8645429949992831,0.9203557939999881,1.1691165280008131
D,10.152913457333247,10.316695903999062,9.824743483999555,10.317300984001122,10.316695903999062,9.824743483999555,10.317300984001122
