{"Crypto":{"0":"ETH-USD","1":"XRP-USD","2":"DOGE-USD","3":"ADA-USD","4":"BTC-USD"},"ACF_1":{"0":0.1231378607,"1":0.0847181198,"2":0.0136455606,"3":0.1234071897,"4":0.1020825134},"ACF_5":{"0":0.1804856986,"1":0.0670884471,"2":-0.0000513351,"3":0.0442008518,"4":0.0768581362},"ACF_10":{"0":0.0542594966,"1":0.0025106891,"2":0.0095274109,"3":0.0220044459,"4":0.0158542382},"Avg_ACF":{"0":0.0945160173,"1":0.0372923955,"2":0.0063131278,"3":0.0402695209,"4":0.068782662},"Significant_Lags":{"0":9,"1":3,"2":0,"3":1,"4":8}}