{"ISO_A2":{"0":"BR","1":"CN","2":"DE","3":"GB","4":"IN","5":"JP","6":"KR","7":"MX","8":"SG","9":"US"},"Total_Interest":{"0":14734,"1":12209,"2":17825,"3":14581,"4":10270,"5":20111,"6":19064,"7":12339,"8":12587,"9":13616},"Volatile_Ratio":{"0":73.2591285462,"1":57.1299860758,"2":59.7082748948,"3":63.2741238598,"4":59.0457643622,"5":63.0202376809,"6":54.4219471255,"7":81.335602561,"8":54.0398824184,"9":62.6542303173}}