{"Crypto":{"2":"DOGE-USD","1":"XRP-USD","3":"ADA-USD","0":"ETH-USD","4":"BTC-USD"},"Vol_Media":{"2":6.5433390398,"1":4.927146539,"3":4.7281910483,"0":3.8754954754,"4":2.9223235975},"Vol_Mediana":{"2":4.6514340636,"1":3.87415466,"3":4.1593717508,"0":3.6703271168,"4":2.7893949803},"Vol_Min":{"2":1.0517308902,"1":1.5833408664,"3":1.2235010655,"0":0.8058728412,"4":0.8886685876},"Vol_Max":{"2":67.5381345925,"1":14.4518642132,"3":15.0331640183,"0":10.4909026064,"4":6.2308812341},"Vol_Std":{"2":8.6302074163,"1":3.0405421012,"3":2.3013826192,"0":1.4964307132,"4":1.0583875569},"Coef_Var":{"2":131.8930192034,"1":61.7099994324,"3":48.6736385156,"0":38.612629602,"4":36.2173291766}}